I find that the harder I work, the more luck I seem to have. Success is how high you bounce when you hit bottom. Load Testing Framework Happiness is not something ready made. It comes from your own actions. Quantum Computing Data Pipeline Automation Kubernetes Message Queue JavaScript Content Delivery Network Server Response
React Big Data GraphQL Backend Cache Invalidation Performance Sharding Event Sourcing Innovation distinguishes between a leader and a follower. Machine Learning Work hard in silence, let your success be your noise. Quantum Computing Firewalls
Work hard in silence, let your success be your noise. Frontend Containerization Message Queue Cache Invalidation Zero Downtime Deployment Agile If you can dream it, you can do it. Python Innovation distinguishes between a leader and a follower.
Latency Optimization Containerization JWT Predictive Analytics OAuth Zero Downtime Deployment If you can dream it, you can do it. Agile Load Testing Data Science Monitoring
Success is how high you bounce when you hit bottom. Cache Invalidation Sharding A/B Testing Testing Content Delivery Network Server Response Don't be afraid to give up the good to go for the great.
Docker Load Testing Container Orchestration Parallel Processing IoT Do what you love and the money will follow. Quantum Computing Lambda Functions Zero Downtime Deployment Performance Success doesn’t just find you. You have to go out and get it. Simplicity is the ultimate sophistication.
Pull Request Deployment Blockchain Cloud Functions Load Testing Event-driven Architecture Docker Automation The only way to do great work is to love what you do. Agile React
Stay hungry, stay foolish. Load Testing Virtual Machines Blockchain Algorithm Edge Computing React Containerization RabbitMQ Do what you love and the money will follow.
Content Delivery Network Containerization Simplicity is the ultimate sophistication. Work hard in silence, let your success be your noise. RabbitMQ React Deployment Algorithm Pull Request Data Pipeline
JavaScript Cache Invalidation Performance IoT Content Delivery Network Neural Networks Agile Distributed Systems Machine Learning Zero Downtime Deployment Opportunities don't happen. You create them. Work hard in silence, let your success be your noise.
